               epoch,      train/box_loss,      train/obj_loss,      train/cls_loss,   metrics/precision,      metrics/recall,     metrics/mAP_0.5,metrics/mAP_0.5:0.95,        val/box_loss,        val/obj_loss,        val/cls_loss,               x/lr0,               x/lr1,               x/lr2
                   0,             0.10173,            0.025088,                   0,           0.0041437,             0.87654,            0.065343,            0.013101,            0.057988,            0.016691,                   0,            0.070517,           0.0032759,           0.0032759
                   1,            0.077585,            0.018788,                   0,           0.0055016,                   1,             0.27244,            0.062255,            0.055483,            0.012593,                   0,            0.040485,           0.0065765,           0.0065765
                   2,             0.06685,            0.018068,                   0,             0.61166,             0.44727,             0.60806,             0.22861,            0.046852,            0.011733,                   0,            0.010419,           0.0098441,           0.0098441
                   3,            0.056667,            0.017205,                   0,             0.69453,             0.75792,             0.81836,             0.38012,            0.040729,            0.010003,                   0,           0.0098515,           0.0098515,           0.0098515
                   4,            0.050559,            0.015203,                   0,             0.68093,              0.7904,             0.82727,             0.39326,            0.037624,           0.0083636,                   0,           0.0098515,           0.0098515,           0.0098515
                   5,            0.047575,            0.012664,                   0,             0.76294,             0.79469,             0.71813,             0.23766,            0.036667,           0.0076328,                   0,            0.009802,            0.009802,            0.009802
                   6,            0.044836,            0.011711,                   0,             0.90752,             0.91358,             0.94355,             0.37519,            0.042433,           0.0077736,                   0,           0.0097525,           0.0097525,           0.0097525
                   7,            0.041587,            0.010935,                   0,             0.94944,             0.92729,              0.9805,              0.5196,            0.034622,           0.0070556,                   0,            0.009703,            0.009703,            0.009703
                   8,            0.040019,            0.010138,                   0,             0.98729,             0.95897,             0.98523,             0.53303,            0.029635,           0.0070676,                   0,           0.0096535,           0.0096535,           0.0096535
                   9,            0.038034,           0.0093568,                   0,             0.96377,             0.96296,             0.98219,             0.47665,            0.032842,           0.0067192,                   0,            0.009604,            0.009604,            0.009604
                  10,            0.038998,           0.0092318,                   0,             0.92971,             0.97981,              0.9827,             0.60218,            0.027229,           0.0062136,                   0,           0.0095545,           0.0095545,           0.0095545
                  11,            0.036816,           0.0091655,                   0,             0.95815,             0.96296,             0.98185,             0.48659,            0.030608,           0.0061642,                   0,            0.009505,            0.009505,            0.009505
                  12,            0.037195,           0.0088852,                   0,             0.97082,             0.96296,             0.97606,             0.52646,            0.029055,           0.0073361,                   0,           0.0094555,           0.0094555,           0.0094555
                  13,            0.034499,           0.0085496,                   0,             0.98749,             0.97451,             0.98454,             0.60832,            0.026124,           0.0064213,                   0,            0.009406,            0.009406,            0.009406
                  14,            0.033152,           0.0084644,                   0,             0.98749,             0.97454,             0.98882,             0.60307,            0.025248,           0.0063069,                   0,           0.0093565,           0.0093565,           0.0093565
                  15,            0.033389,           0.0082917,                   0,             0.95967,             0.97531,             0.98831,             0.61071,            0.024593,           0.0069566,                   0,            0.009307,            0.009307,            0.009307
                  16,            0.032433,           0.0077775,                   0,             0.97526,             0.97354,             0.98535,             0.58253,            0.031243,           0.0071043,                   0,           0.0092575,           0.0092575,           0.0092575
                  17,            0.034739,           0.0082475,                   0,             0.98762,             0.98488,             0.98945,             0.59162,            0.025838,           0.0068561,                   0,            0.009208,            0.009208,            0.009208
                  18,            0.032265,           0.0078569,                   0,             0.97944,             0.98765,             0.98448,             0.57361,            0.026311,           0.0062053,                   0,           0.0091585,           0.0091585,           0.0091585
                  19,            0.031003,           0.0073087,                   0,             0.97559,             0.98765,             0.98632,             0.61619,            0.026019,           0.0060434,                   0,            0.009109,            0.009109,            0.009109
                  20,            0.033125,           0.0078034,                   0,             0.96284,             0.97531,             0.98645,             0.64908,            0.025302,           0.0061778,                   0,           0.0090595,           0.0090595,           0.0090595
                  21,            0.030725,           0.0075187,                   0,             0.96117,             0.96296,             0.98196,             0.64699,            0.023997,           0.0068382,                   0,             0.00901,             0.00901,             0.00901
                  22,            0.030121,           0.0076465,                   0,             0.98328,             0.97531,               0.984,             0.60321,            0.024102,           0.0050104,                   0,           0.0089605,           0.0089605,           0.0089605
                  23,            0.031623,           0.0076543,                   0,             0.98759,             0.98277,             0.98589,             0.63659,            0.023829,           0.0071414,                   0,            0.008911,            0.008911,            0.008911
                  24,            0.031451,           0.0072785,                   0,             0.98431,             0.95062,             0.98352,             0.61205,            0.025959,           0.0067879,                   0,           0.0088615,           0.0088615,           0.0088615
                  25,              0.0294,           0.0070148,                   0,             0.98122,             0.96296,             0.98267,             0.63892,            0.023006,           0.0065989,                   0,            0.008812,            0.008812,            0.008812
                  26,            0.030306,           0.0071358,                   0,             0.98242,             0.95062,             0.97589,             0.63491,            0.024591,           0.0070688,                   0,           0.0087625,           0.0087625,           0.0087625
                  27,            0.029897,           0.0076391,                   0,             0.98473,             0.96296,             0.98433,             0.63442,            0.025167,           0.0065599,                   0,            0.008713,            0.008713,            0.008713
                  28,            0.029424,           0.0070327,                   0,             0.98106,             0.95062,             0.98154,             0.58295,            0.027958,           0.0071702,                   0,           0.0086635,           0.0086635,           0.0086635
                  29,            0.029895,           0.0075959,                   0,             0.98732,             0.96148,             0.98454,             0.65537,             0.02378,           0.0068086,                   0,            0.008614,            0.008614,            0.008614
                  30,            0.028124,           0.0071804,                   0,             0.98528,             0.95062,              0.9793,              0.6201,            0.024488,           0.0066988,                   0,           0.0085645,           0.0085645,           0.0085645
                  31,             0.02826,           0.0073519,                   0,             0.98717,             0.95021,             0.97966,             0.60562,            0.026347,           0.0058651,                   0,            0.008515,            0.008515,            0.008515
                  32,            0.028561,           0.0074203,                   0,             0.98686,             0.93827,             0.98241,             0.62787,            0.024112,           0.0068567,                   0,           0.0084655,           0.0084655,           0.0084655
                  33,            0.027241,           0.0068169,                   0,             0.97174,             0.98765,             0.98196,             0.60344,            0.024654,           0.0054994,                   0,            0.008416,            0.008416,            0.008416
                  34,            0.026759,           0.0068327,                   0,             0.96374,             0.98456,             0.98014,             0.60724,            0.025523,           0.0054221,                   0,           0.0083665,           0.0083665,           0.0083665
                  35,            0.027588,           0.0069945,                   0,              0.9634,             0.97502,              0.9851,             0.65671,            0.023466,           0.0062751,                   0,            0.008317,            0.008317,            0.008317
                  36,             0.02725,            0.006825,                   0,             0.98733,             0.96192,             0.98428,             0.61713,            0.025774,           0.0065987,                   0,           0.0082675,           0.0082675,           0.0082675
                  37,            0.027676,           0.0069985,                   0,              0.9875,             0.97515,             0.98296,             0.62556,            0.024461,            0.006982,                   0,            0.008218,            0.008218,            0.008218
                  38,            0.026554,           0.0068819,                   0,             0.98747,             0.97297,             0.97806,             0.63254,            0.023803,            0.006626,                   0,           0.0081685,           0.0081685,           0.0081685
                  39,             0.02603,           0.0070435,                   0,             0.97239,             0.98765,             0.98859,             0.63539,            0.024335,            0.005883,                   0,            0.008119,            0.008119,            0.008119
                  40,            0.026066,           0.0070008,                   0,             0.98413,             0.95062,             0.98112,              0.6286,            0.024343,           0.0060552,                   0,           0.0080695,           0.0080695,           0.0080695
                  41,            0.025529,           0.0064395,                   0,             0.97554,             0.98483,             0.98362,             0.64663,            0.023115,           0.0057947,                   0,             0.00802,             0.00802,             0.00802
                  42,             0.02655,           0.0066004,                   0,             0.97385,             0.98765,             0.98049,             0.64081,            0.024225,           0.0053097,                   0,           0.0079705,           0.0079705,           0.0079705
                  43,            0.026994,           0.0068034,                   0,             0.99796,             0.96296,             0.98879,             0.64672,            0.023512,           0.0059683,                   0,            0.007921,            0.007921,            0.007921
                  44,            0.025003,           0.0068962,                   0,               0.986,             0.96296,             0.98873,             0.66227,            0.023205,           0.0060591,                   0,           0.0078715,           0.0078715,           0.0078715
                  45,            0.026251,           0.0069916,                   0,             0.97347,             0.97531,             0.97891,             0.64318,            0.024358,           0.0054986,                   0,            0.007822,            0.007822,            0.007822
                  46,            0.025685,           0.0064439,                   0,             0.95593,             0.98765,             0.98279,             0.64782,            0.022729,           0.0050464,                   0,           0.0077725,           0.0077725,           0.0077725
                  47,            0.025066,            0.006659,                   0,             0.98746,             0.97242,             0.98198,             0.64526,            0.024138,           0.0061176,                   0,            0.007723,            0.007723,            0.007723
                  48,            0.024766,           0.0065957,                   0,             0.98614,             0.97531,             0.98363,             0.64953,            0.023329,           0.0061213,                   0,           0.0076735,           0.0076735,           0.0076735
                  49,            0.024996,           0.0067043,                   0,             0.97499,              0.9627,             0.98504,             0.65639,            0.023251,            0.006513,                   0,            0.007624,            0.007624,            0.007624
                  50,            0.025442,           0.0063983,                   0,             0.97287,             0.96296,              0.9818,             0.63966,            0.024078,           0.0058404,                   0,           0.0075745,           0.0075745,           0.0075745
                  51,            0.024887,           0.0063757,                   0,             0.99775,             0.93827,             0.97861,             0.63891,            0.023876,            0.005996,                   0,            0.007525,            0.007525,            0.007525
                  52,            0.025826,           0.0062315,                   0,             0.97155,             0.96296,             0.98248,              0.6393,             0.02475,           0.0059958,                   0,           0.0074755,           0.0074755,           0.0074755
                  53,            0.025189,           0.0064225,                   0,             0.97526,             0.97321,             0.98207,             0.64128,            0.023109,           0.0063279,                   0,            0.007426,            0.007426,            0.007426
                  54,            0.023712,           0.0064708,                   0,             0.98714,             0.94779,             0.98442,             0.63711,            0.024267,           0.0067801,                   0,           0.0073765,           0.0073765,           0.0073765
                  55,            0.023944,           0.0059968,                   0,             0.98057,             0.95062,             0.98412,             0.67159,            0.023531,           0.0067178,                   0,            0.007327,            0.007327,            0.007327
                  56,            0.024169,           0.0063355,                   0,             0.95111,             0.98765,             0.98619,             0.68139,            0.022614,           0.0063529,                   0,           0.0072775,           0.0072775,           0.0072775
                  57,            0.023021,           0.0061374,                   0,             0.99826,             0.95062,             0.98914,             0.67506,            0.023947,           0.0063792,                   0,            0.007228,            0.007228,            0.007228
                  58,            0.025243,           0.0061293,                   0,             0.98275,             0.98765,             0.98946,             0.63881,            0.026929,           0.0063786,                   0,           0.0071785,           0.0071785,           0.0071785
                  59,            0.024557,           0.0063014,                   0,                   1,             0.96153,             0.99381,             0.65385,            0.023793,           0.0066418,                   0,            0.007129,            0.007129,            0.007129
                  60,             0.02375,            0.006103,                   0,             0.99009,             0.95062,             0.99183,             0.64672,            0.023154,           0.0069924,                   0,           0.0070795,           0.0070795,           0.0070795
                  61,            0.023304,           0.0063538,                   0,             0.98138,             0.96296,             0.99334,             0.64891,            0.024884,           0.0070324,                   0,             0.00703,             0.00703,             0.00703
                  62,            0.023514,           0.0063479,                   0,             0.98577,             0.97531,             0.99075,             0.63351,            0.023346,           0.0070287,                   0,           0.0069805,           0.0069805,           0.0069805
                  63,             0.02372,           0.0061626,                   0,             0.98762,             0.98504,             0.99083,             0.65435,            0.022799,            0.006685,                   0,            0.006931,            0.006931,            0.006931
                  64,            0.023732,           0.0062437,                   0,              0.9715,             0.98765,             0.98811,             0.64802,            0.023895,           0.0064066,                   0,           0.0068815,           0.0068815,           0.0068815
                  65,            0.023169,           0.0062754,                   0,             0.98749,             0.97488,              0.9806,             0.66039,            0.023698,           0.0060974,                   0,            0.006832,            0.006832,            0.006832
                  66,            0.022974,           0.0062585,                   0,             0.98657,             0.97531,             0.97748,             0.64571,            0.024551,           0.0051013,                   0,           0.0067825,           0.0067825,           0.0067825
                  67,            0.023248,            0.006041,                   0,             0.98447,             0.95062,             0.98446,             0.64705,            0.023504,           0.0065697,                   0,            0.006733,            0.006733,            0.006733
                  68,            0.022626,           0.0062553,                   0,             0.98759,             0.98279,              0.9778,             0.62746,            0.024804,           0.0063203,                   0,           0.0066835,           0.0066835,           0.0066835
                  69,            0.022235,           0.0058867,                   0,              0.9851,             0.97531,             0.98384,             0.65399,            0.025035,           0.0068087,                   0,            0.006634,            0.006634,            0.006634
                  70,            0.022796,           0.0060804,                   0,             0.97495,             0.98765,              0.9846,             0.64289,            0.024147,           0.0062958,                   0,           0.0065845,           0.0065845,           0.0065845
                  71,            0.021954,           0.0059534,                   0,             0.98749,             0.97488,               0.988,             0.67317,            0.022959,           0.0064319,                   0,            0.006535,            0.006535,            0.006535
                  72,            0.022573,           0.0058679,                   0,              0.9838,             0.96296,             0.98257,             0.64661,            0.023255,            0.006753,                   0,           0.0064855,           0.0064855,           0.0064855
                  73,            0.021646,           0.0059844,                   0,              0.9873,             0.95994,             0.98709,             0.65582,            0.022643,           0.0069636,                   0,            0.006436,            0.006436,            0.006436
                  74,             0.02188,           0.0060327,                   0,             0.97527,             0.97367,             0.98608,             0.66133,            0.022683,           0.0067858,                   0,           0.0063865,           0.0063865,           0.0063865
                  75,             0.02161,           0.0059006,                   0,             0.98621,             0.98765,             0.97752,             0.66951,            0.023066,           0.0067668,                   0,            0.006337,            0.006337,            0.006337
                  76,            0.021974,           0.0060011,                   0,             0.98452,             0.97531,             0.97879,              0.6405,            0.023899,           0.0074817,                   0,           0.0062875,           0.0062875,           0.0062875
                  77,             0.02221,           0.0056937,                   0,             0.98652,             0.96296,             0.97211,             0.63304,              0.0242,           0.0071181,                   0,            0.006238,            0.006238,            0.006238
                  78,            0.022277,           0.0059571,                   0,             0.97528,             0.97421,              0.9801,             0.63881,            0.023234,           0.0068307,                   0,           0.0061885,           0.0061885,           0.0061885
                  79,            0.022039,           0.0060475,                   0,             0.98628,             0.96296,              0.9835,             0.66272,              0.0241,           0.0075767,                   0,            0.006139,            0.006139,            0.006139
                  80,            0.020974,           0.0059579,                   0,             0.96617,             0.98765,             0.98729,             0.64958,            0.024565,            0.007627,                   0,           0.0060895,           0.0060895,           0.0060895
                  81,            0.021817,           0.0058789,                   0,             0.98526,             0.98765,              0.9785,             0.63982,             0.02195,           0.0067322,                   0,             0.00604,             0.00604,             0.00604
                  82,            0.021099,           0.0058411,                   0,             0.98751,             0.98765,              0.9811,             0.62553,            0.024064,           0.0062935,                   0,           0.0059905,           0.0059905,           0.0059905
                  83,            0.021362,           0.0057423,                   0,             0.98763,             0.98592,             0.97817,             0.63728,            0.023515,           0.0060774,                   0,            0.005941,            0.005941,            0.005941
                  84,            0.020586,           0.0061243,                   0,             0.98749,             0.97426,             0.97407,             0.63105,            0.023859,           0.0061786,                   0,           0.0058915,           0.0058915,           0.0058915
                  85,            0.020071,           0.0056838,                   0,             0.98749,             0.97423,             0.98043,             0.65242,            0.022978,           0.0057709,                   0,            0.005842,            0.005842,            0.005842
                  86,            0.020462,           0.0055593,                   0,              0.9859,             0.96296,             0.98311,             0.64063,            0.023594,           0.0071482,                   0,           0.0057925,           0.0057925,           0.0057925
                  87,            0.021065,           0.0057453,                   0,             0.98572,             0.96296,             0.98214,              0.6563,            0.023226,           0.0075056,                   0,            0.005743,            0.005743,            0.005743
                  88,            0.020632,            0.005755,                   0,             0.98511,             0.96296,             0.97841,             0.62802,            0.023409,           0.0065459,                   0,           0.0056935,           0.0056935,           0.0056935
                  89,            0.021326,            0.005922,                   0,             0.98748,             0.97355,             0.97954,             0.66043,            0.023171,           0.0060021,                   0,            0.005644,            0.005644,            0.005644
                  90,             0.02041,           0.0056594,                   0,             0.98659,             0.97531,             0.98835,             0.68205,            0.022293,           0.0059237,                   0,           0.0055945,           0.0055945,           0.0055945
                  91,            0.020029,           0.0054521,                   0,             0.98628,             0.96296,             0.99072,             0.67509,            0.021774,           0.0060738,                   0,            0.005545,            0.005545,            0.005545
                  92,            0.020658,           0.0057532,                   0,             0.97373,             0.97531,             0.97782,             0.65187,            0.023105,           0.0061219,                   0,           0.0054955,           0.0054955,           0.0054955
                  93,            0.020159,           0.0059454,                   0,             0.97527,             0.97392,             0.97624,             0.64743,            0.023687,           0.0071734,                   0,            0.005446,            0.005446,            0.005446
                  94,            0.019659,           0.0055121,                   0,             0.97442,             0.98765,             0.97807,             0.65353,            0.022308,           0.0060015,                   0,           0.0053965,           0.0053965,           0.0053965
                  95,            0.020512,           0.0058893,                   0,             0.97525,             0.97282,             0.97968,             0.64207,            0.023217,            0.006154,                   0,            0.005347,            0.005347,            0.005347
                  96,            0.020029,           0.0055392,                   0,             0.98451,             0.93827,             0.98537,             0.67006,            0.022566,           0.0060283,                   0,           0.0052975,           0.0052975,           0.0052975
                  97,            0.019818,           0.0057578,                   0,             0.97396,             0.98765,             0.98619,             0.65793,            0.023589,           0.0062506,                   0,            0.005248,            0.005248,            0.005248
                  98,            0.019467,           0.0057356,                   0,             0.98643,             0.97531,             0.98303,             0.66471,            0.022845,           0.0065001,                   0,           0.0051985,           0.0051985,           0.0051985
                  99,             0.02045,           0.0057041,                   0,             0.98658,             0.97531,             0.98455,             0.65537,             0.02326,           0.0062762,                   0,            0.005149,            0.005149,            0.005149
                 100,            0.019515,           0.0058726,                   0,             0.98749,             0.97456,             0.98602,             0.64143,            0.023749,           0.0070089,                   0,           0.0050995,           0.0050995,           0.0050995
                 101,            0.019756,           0.0051878,                   0,             0.97497,             0.97531,             0.98926,             0.65997,            0.022748,           0.0067013,                   0,             0.00505,             0.00505,             0.00505
                 102,            0.019463,           0.0053178,                   0,             0.98457,             0.96296,             0.98979,             0.65282,            0.023265,           0.0069499,                   0,           0.0050005,           0.0050005,           0.0050005
                 103,            0.020074,           0.0056749,                   0,             0.98748,             0.97345,              0.9875,             0.66019,            0.022841,           0.0071135,                   0,            0.004951,            0.004951,            0.004951
                 104,            0.019855,           0.0058382,                   0,             0.98603,             0.97531,             0.98528,              0.6642,            0.022573,            0.007286,                   0,           0.0049015,           0.0049015,           0.0049015
                 105,            0.019123,             0.00575,                   0,              0.9863,             0.97531,             0.98595,             0.67061,            0.022747,           0.0072707,                   0,            0.004852,            0.004852,            0.004852
                 106,            0.018858,           0.0054724,                   0,             0.98713,             0.96296,             0.98702,             0.66731,             0.02359,           0.0070368,                   0,           0.0048025,           0.0048025,           0.0048025
                 107,            0.019411,           0.0054089,                   0,             0.99449,             0.96296,             0.98829,             0.66135,            0.024107,           0.0067553,                   0,            0.004753,            0.004753,            0.004753
                 108,             0.01937,           0.0055093,                   0,             0.97353,             0.97531,             0.98633,             0.65836,            0.024007,           0.0069714,                   0,           0.0047035,           0.0047035,           0.0047035
                 109,             0.01862,            0.005526,                   0,             0.98657,             0.95062,             0.98587,             0.66215,            0.023717,           0.0068778,                   0,            0.004654,            0.004654,            0.004654
                 110,            0.019691,           0.0053684,                   0,               0.997,             0.95062,             0.98686,             0.65227,            0.024219,           0.0073021,                   0,           0.0046045,           0.0046045,           0.0046045
                 111,             0.01917,           0.0051307,                   0,              0.9753,             0.97497,             0.98817,             0.65555,            0.023341,           0.0072598,                   0,            0.004555,            0.004555,            0.004555
                 112,            0.019146,           0.0051495,                   0,             0.99761,             0.96296,             0.98994,             0.66608,            0.022896,           0.0070367,                   0,           0.0045055,           0.0045055,           0.0045055
                 113,            0.019433,           0.0053964,                   0,             0.99754,             0.97531,              0.9891,             0.66103,            0.023418,           0.0070415,                   0,            0.004456,            0.004456,            0.004456
                 114,            0.018471,           0.0055342,                   0,                   1,             0.95988,              0.9881,             0.68206,            0.023092,           0.0077267,                   0,           0.0044065,           0.0044065,           0.0044065
                 115,            0.017687,           0.0052344,                   0,             0.98756,             0.98012,             0.98951,             0.66549,            0.023457,           0.0072492,                   0,            0.004357,            0.004357,            0.004357
                 116,            0.018639,            0.005252,                   0,             0.98765,             0.98749,             0.98756,             0.65391,            0.023133,           0.0076261,                   0,           0.0043075,           0.0043075,           0.0043075
                 117,             0.01856,           0.0053067,                   0,             0.98679,             0.98765,             0.99013,             0.66437,            0.023018,            0.007468,                   0,            0.004258,            0.004258,            0.004258
                 118,            0.018418,           0.0054568,                   0,             0.97561,             0.98754,             0.99021,             0.66545,            0.022447,           0.0067438,                   0,           0.0042085,           0.0042085,           0.0042085
                 119,            0.019386,           0.0055809,                   0,              0.9737,             0.97531,             0.98746,             0.66872,            0.023188,           0.0071045,                   0,            0.004159,            0.004159,            0.004159
                 120,             0.01846,           0.0054839,                   0,             0.98531,             0.97531,             0.98716,              0.6635,            0.024029,           0.0073281,                   0,           0.0041095,           0.0041095,           0.0041095
                 121,            0.018001,           0.0052114,                   0,             0.96201,             0.98765,              0.9822,             0.66633,            0.023522,           0.0071329,                   0,             0.00406,             0.00406,             0.00406
                 122,            0.017594,           0.0051972,                   0,             0.98734,             0.96276,               0.986,              0.6647,             0.02257,           0.0067775,                   0,           0.0040105,           0.0040105,           0.0040105
                 123,            0.017882,           0.0051443,                   0,             0.98602,             0.95062,             0.98743,             0.65433,            0.023686,           0.0070303,                   0,            0.003961,            0.003961,            0.003961
                 124,            0.018306,           0.0053079,                   0,             0.96372,             0.98399,             0.98895,             0.66487,            0.023731,           0.0064384,                   0,           0.0039115,           0.0039115,           0.0039115
                 125,            0.017889,            0.005125,                   0,             0.97558,              0.9865,             0.98822,             0.66172,             0.02369,           0.0064555,                   0,            0.003862,            0.003862,            0.003862
                 126,            0.016945,           0.0049254,                   0,             0.97559,             0.98698,             0.98859,             0.65956,            0.022778,           0.0061476,                   0,           0.0038125,           0.0038125,           0.0038125
                 127,            0.017834,           0.0052095,                   0,             0.97433,             0.98765,             0.98271,             0.66411,            0.022399,           0.0056346,                   0,            0.003763,            0.003763,            0.003763
                 128,            0.017845,           0.0053966,                   0,             0.96256,             0.98765,             0.98619,             0.66633,            0.022954,           0.0059241,                   0,           0.0037135,           0.0037135,           0.0037135
                 129,             0.01707,           0.0048727,                   0,             0.98472,             0.97531,             0.98559,             0.65572,            0.023709,           0.0065919,                   0,            0.003664,            0.003664,            0.003664
                 130,            0.017741,           0.0053386,                   0,             0.98748,             0.97365,              0.9862,             0.66553,            0.023541,           0.0068221,                   0,           0.0036145,           0.0036145,           0.0036145
                 131,            0.017235,           0.0052323,                   0,              0.9638,             0.98606,             0.98682,             0.68114,            0.024147,           0.0069138,                   0,            0.003565,            0.003565,            0.003565
                 132,            0.017219,           0.0053305,                   0,             0.97341,             0.97531,             0.98813,             0.66749,            0.023386,           0.0064884,                   0,           0.0035155,           0.0035155,           0.0035155
                 133,            0.017421,           0.0052093,                   0,             0.97401,             0.98765,             0.98758,             0.67048,            0.022509,           0.0064713,                   0,            0.003466,            0.003466,            0.003466
                 134,            0.017681,           0.0052987,                   0,             0.97872,             0.97531,             0.98471,             0.66314,            0.023613,           0.0067285,                   0,           0.0034165,           0.0034165,           0.0034165
                 135,            0.017045,           0.0051772,                   0,             0.98745,             0.97158,             0.98859,             0.67541,            0.023637,           0.0070851,                   0,            0.003367,            0.003367,            0.003367
                 136,            0.016996,           0.0052197,                   0,                   1,             0.95791,             0.99283,             0.66775,            0.023697,           0.0071517,                   0,           0.0033175,           0.0033175,           0.0033175
                 137,            0.017322,           0.0050854,                   0,                   1,             0.96111,             0.99359,             0.67831,            0.023099,           0.0070583,                   0,            0.003268,            0.003268,            0.003268
                 138,            0.017032,           0.0049503,                   0,             0.96264,             0.98765,             0.99194,              0.6733,            0.022612,           0.0068812,                   0,           0.0032185,           0.0032185,           0.0032185
                 139,            0.016613,           0.0053198,                   0,              0.9865,             0.96296,             0.99013,             0.67631,            0.023198,           0.0072757,                   0,            0.003169,            0.003169,            0.003169
                 140,             0.01733,           0.0050962,                   0,             0.98747,               0.973,             0.98802,             0.67177,            0.023148,           0.0070256,                   0,           0.0031195,           0.0031195,           0.0031195
                 141,            0.017288,           0.0052511,                   0,              0.9741,             0.98765,             0.98108,             0.66468,            0.023583,             0.00688,                   0,             0.00307,             0.00307,             0.00307
                 142,            0.016868,           0.0049238,                   0,             0.97398,             0.98765,             0.97979,             0.66118,            0.023699,           0.0067973,                   0,           0.0030205,           0.0030205,           0.0030205
                 143,            0.016605,           0.0050513,                   0,             0.98233,             0.98765,             0.97953,             0.66566,            0.022898,           0.0064583,                   0,            0.002971,            0.002971,            0.002971
                 144,            0.016386,           0.0050656,                   0,             0.97467,             0.98765,             0.98123,             0.66883,            0.022721,           0.0064013,                   0,           0.0029215,           0.0029215,           0.0029215
                 145,            0.016536,           0.0050776,                   0,             0.97559,             0.98673,             0.98078,             0.67193,            0.022884,           0.0065411,                   0,            0.002872,            0.002872,            0.002872
                 146,            0.016601,            0.005012,                   0,             0.97559,             0.98688,             0.97963,              0.6778,            0.022667,           0.0064759,                   0,           0.0028225,           0.0028225,           0.0028225
                 147,            0.016182,           0.0050878,                   0,             0.97559,             0.98666,             0.97968,             0.65972,             0.02294,           0.0064099,                   0,            0.002773,            0.002773,            0.002773
                 148,            0.016856,           0.0050894,                   0,             0.97557,             0.98586,             0.97998,               0.669,            0.022652,           0.0065574,                   0,           0.0027235,           0.0027235,           0.0027235
                 149,            0.016539,           0.0048639,                   0,             0.97399,             0.98765,             0.98067,             0.65954,            0.022905,           0.0067205,                   0,            0.002674,            0.002674,            0.002674
                 150,            0.016279,           0.0049184,                   0,             0.97366,             0.98765,             0.98258,             0.67008,            0.022808,           0.0067301,                   0,           0.0026245,           0.0026245,           0.0026245
                 151,            0.016329,           0.0046744,                   0,             0.97471,             0.98765,              0.9849,             0.67357,            0.022848,           0.0067702,                   0,            0.002575,            0.002575,            0.002575
                 152,            0.016633,           0.0050817,                   0,             0.97511,             0.98765,             0.98504,             0.67918,             0.02331,           0.0066639,                   0,           0.0025255,           0.0025255,           0.0025255
                 153,             0.01646,             0.00501,                   0,              0.9853,             0.97531,             0.98758,              0.6705,            0.023119,            0.006796,                   0,            0.002476,            0.002476,            0.002476
                 154,            0.016085,           0.0049162,                   0,             0.98591,             0.97531,             0.98815,             0.67692,            0.023139,           0.0072021,                   0,           0.0024265,           0.0024265,           0.0024265
                 155,            0.016025,           0.0047136,                   0,             0.98551,             0.97531,             0.98984,             0.67942,            0.023175,           0.0070557,                   0,            0.002377,            0.002377,            0.002377
                 156,            0.016166,           0.0049465,                   0,             0.98763,             0.98549,             0.98343,             0.66177,            0.022901,           0.0065069,                   0,           0.0023275,           0.0023275,           0.0023275
                 157,            0.015315,           0.0049563,                   0,             0.98508,             0.97531,             0.98319,             0.66324,            0.022837,           0.0060257,                   0,            0.002278,            0.002278,            0.002278
                 158,            0.016608,           0.0048523,                   0,             0.98747,             0.97321,             0.98178,             0.66677,            0.022764,           0.0060779,                   0,           0.0022285,           0.0022285,           0.0022285
                 159,            0.016229,           0.0050938,                   0,             0.98749,             0.97485,             0.98213,             0.67411,            0.023004,           0.0064225,                   0,            0.002179,            0.002179,            0.002179
                 160,            0.015662,           0.0048607,                   0,             0.98763,             0.98603,             0.98238,             0.67814,            0.022593,           0.0062359,                   0,           0.0021295,           0.0021295,           0.0021295
                 161,            0.016486,           0.0048163,                   0,             0.98749,             0.97436,             0.98103,             0.66427,            0.023208,           0.0067739,                   0,             0.00208,             0.00208,             0.00208
                 162,            0.015469,           0.0044795,                   0,             0.98599,             0.96296,             0.98075,             0.66586,            0.023663,           0.0069323,                   0,           0.0020305,           0.0020305,           0.0020305
                 163,            0.015804,           0.0048093,                   0,             0.98748,             0.97392,             0.98179,             0.67811,            0.022688,            0.006466,                   0,            0.001981,            0.001981,            0.001981
                 164,            0.015426,            0.004732,                   0,              0.9854,             0.97531,             0.97929,             0.67633,            0.022652,            0.006416,                   0,           0.0019315,           0.0019315,           0.0019315
                 165,            0.016226,           0.0049231,                   0,             0.98608,             0.97531,             0.98048,             0.67579,            0.022693,           0.0064559,                   0,            0.001882,            0.001882,            0.001882
                 166,            0.015704,           0.0048909,                   0,              0.9875,             0.97501,             0.98049,             0.65865,            0.022598,           0.0067099,                   0,           0.0018325,           0.0018325,           0.0018325
                 167,            0.015214,           0.0047208,                   0,             0.98734,             0.97531,             0.98363,             0.66212,             0.02298,           0.0070563,                   0,            0.001783,            0.001783,            0.001783
                 168,            0.015449,           0.0049874,                   0,              0.9875,             0.97507,             0.98321,             0.65782,            0.023285,           0.0070737,                   0,           0.0017335,           0.0017335,           0.0017335
                 169,            0.015233,           0.0047232,                   0,              0.9875,             0.97499,             0.98134,             0.66259,            0.023236,           0.0069612,                   0,            0.001684,            0.001684,            0.001684
                 170,            0.015111,           0.0047683,                   0,              0.9868,             0.97531,              0.9818,             0.66252,            0.023017,           0.0069999,                   0,           0.0016345,           0.0016345,           0.0016345
                 171,            0.015899,           0.0050021,                   0,             0.98677,             0.97531,             0.98129,             0.66424,            0.022631,           0.0068685,                   0,            0.001585,            0.001585,            0.001585
                 172,            0.014838,           0.0047691,                   0,             0.98614,             0.97531,             0.98247,             0.67012,            0.022557,           0.0068203,                   0,           0.0015355,           0.0015355,           0.0015355
                 173,            0.014923,           0.0044491,                   0,             0.98614,             0.97531,             0.98504,             0.66876,            0.022757,           0.0068856,                   0,            0.001486,            0.001486,            0.001486
                 174,            0.015213,            0.005276,                   0,             0.98613,             0.97531,             0.98554,             0.67706,            0.022854,           0.0069897,                   0,           0.0014365,           0.0014365,           0.0014365
                 175,            0.015245,           0.0046735,                   0,             0.98577,             0.97531,             0.98521,             0.66892,            0.023173,           0.0075103,                   0,            0.001387,            0.001387,            0.001387
                 176,            0.015366,           0.0046882,                   0,             0.98671,             0.97531,             0.98347,             0.66975,            0.023354,           0.0075147,                   0,           0.0013375,           0.0013375,           0.0013375
                 177,            0.015579,            0.004827,                   0,             0.98644,             0.97531,             0.98024,             0.66352,            0.023582,           0.0073195,                   0,            0.001288,            0.001288,            0.001288
                 178,            0.015033,           0.0047307,                   0,             0.98664,             0.97531,             0.98025,             0.66801,            0.022903,           0.0075581,                   0,           0.0012385,           0.0012385,           0.0012385
                 179,            0.014752,           0.0047035,                   0,             0.98677,             0.97531,             0.98036,             0.67833,            0.022961,            0.007659,                   0,            0.001189,            0.001189,            0.001189
                 180,            0.014822,           0.0047318,                   0,             0.98649,             0.97531,             0.98001,             0.67714,            0.023034,           0.0075651,                   0,           0.0011395,           0.0011395,           0.0011395
                 181,            0.014996,           0.0047248,                   0,             0.98622,             0.97531,             0.97859,             0.67605,            0.023003,           0.0073716,                   0,             0.00109,             0.00109,             0.00109
                 182,             0.01533,           0.0045909,                   0,             0.98592,             0.97531,             0.97811,             0.66298,            0.023305,           0.0074969,                   0,           0.0010405,           0.0010405,           0.0010405
                 183,              0.0146,            0.004689,                   0,             0.98631,             0.97531,             0.97832,             0.66401,            0.023543,           0.0073185,                   0,            0.000991,            0.000991,            0.000991
                 184,            0.014885,           0.0045229,                   0,             0.98633,             0.97531,             0.97846,             0.66591,            0.023073,           0.0073996,                   0,           0.0009415,           0.0009415,           0.0009415
                 185,            0.014645,           0.0045913,                   0,             0.98615,             0.97531,             0.97865,             0.67141,            0.022796,           0.0073326,                   0,            0.000892,            0.000892,            0.000892
                 186,            0.014573,           0.0046524,                   0,             0.98626,             0.97531,             0.98038,              0.6605,             0.02319,           0.0071585,                   0,           0.0008425,           0.0008425,           0.0008425
                 187,            0.014295,           0.0045917,                   0,              0.9863,             0.97531,             0.98018,             0.65732,            0.023475,           0.0072036,                   0,            0.000793,            0.000793,            0.000793
                 188,            0.014304,           0.0049868,                   0,             0.98597,             0.97531,             0.97972,             0.65853,            0.023174,           0.0070023,                   0,           0.0007435,           0.0007435,           0.0007435
                 189,            0.014559,           0.0047144,                   0,             0.98631,             0.97531,             0.97931,             0.66844,            0.022848,           0.0069867,                   0,            0.000694,            0.000694,            0.000694
                 190,            0.014082,           0.0045625,                   0,             0.98591,             0.97531,             0.97862,             0.66162,            0.022883,           0.0069879,                   0,           0.0006445,           0.0006445,           0.0006445
